Electors of President and Vice-President of the United States (Vote For 1),,,,,,,,,,,,,,,,,,,,,,,,,,
,,Joseph R. Biden/Kamala D. Harris,,,Donald J. Trump/Michael R. Pence,,,Jo Jorgensen/Jeremy Cohen,,,Don Blankenship/William Mohr,,,Howie Hawkins/Angela Walker,,,Rocky De La Fuente/Darcy Richardson,,,Rejected write-ins,,,Unassigned write-ins,,,
Precinct,Registered Voters,Absentee,Election,Total Votes,Absentee,Election,Total Votes,Absentee,Election,Total Votes,Absentee,Election,Total Votes,Absentee,Election,Total Votes,Absentee,Election,Total Votes,Absentee,Election,Total Votes,Absentee,Election,Total Votes,Total
"Addison Township, Precinct 1",1930,344,95,439,530,593,1123,10,9,19,1,0,1,1,1,2,1,0,1,0,0,0,0,1,1,1586
"Addison Township, Precinct 2",1937,407,77,484,606,490,1096,10,7,17,0,0,0,4,0,4,1,0,1,0,0,0,2,2,4,1606
"Addison Township, Precinct 3",1379,274,62,336,323,390,713,3,5,8,0,0,0,0,0,0,0,0,0,0,0,0,0,4,4,1061
"Bloomfield Township, Precinct 1",1758,563,122,685,353,264,617,4,2,6,0,0,0,0,2,2,1,0,1,0,0,0,3,0,3,1314
"Bloomfield Township, Precinct 2",2330,859,240,1099,414,296,710,8,6,14,0,0,0,2,5,7,1,1,2,0,0,0,1,2,3,1835
"Bloomfield Township, Precinct 3",2215,820,211,1031,346,239,585,8,1,9,4,2,6,1,1,2,0,0,0,0,0,0,4,1,5,1638
"Bloomfield Township, Precinct 4",1571,572,121,693,326,231,557,6,3,9,0,0,0,1,0,1,0,0,0,0,0,0,3,2,5,1265
"Bloomfield Township, Precinct 5",2316,819,261,1080,398,364,762,6,6,12,5,0,5,3,3,6,0,0,0,0,0,0,3,0,3,1868
"Bloomfield Township, Precinct 6",2096,695,160,855,523,310,833,3,3,6,0,0,0,2,2,4,0,0,0,0,0,0,5,0,5,1703
"Bloomfield Township, Precinct 7",2262,747,176,923,477,448,925,10,8,18,1,0,1,1,0,1,0,0,0,0,0,0,3,2,5,1873
"Bloomfield Township, Precinct 8",2115,836,117,953,498,205,703,15,2,17,1,0,1,1,1,2,0,0,0,0,0,0,3,2,5,1681
"Bloomfield Township, Precinct 9",2433,867,134,1001,573,349,922,9,8,17,3,0,3,4,0,4,0,1,1,0,0,0,7,0,7,1955
"Bloomfield Township, Precinct 10",1845,684,135,819,385,291,676,10,2,12,1,0,1,0,0,0,0,0,0,0,0,0,3,2,5,1513
"Bloomfield Township, Precinct 11",1415,596,74,670,304,187,491,4,3,7,1,0,1,1,1,2,0,0,0,0,0,0,1,2,3,1174
"Bloomfield Township, Precinct 12",2019,858,102,960,441,263,704,2,3,5,2,0,2,1,0,1,0,0,0,0,0,0,3,1,4,1676
"Bloomfield Township, Precinct 13",1879,783,134,917,297,267,564,9,8,17,0,1,1,0,4,4,1,0,1,0,0,0,2,4,6,1510
"Bloomfield Township, Precinct 14",1760,782,135,917,295,205,500,4,2,6,4,0,4,1,0,1,0,0,0,0,0,0,0,1,1,1429
"Bloomfield Township, Precinct 15",2742,952,174,1126,622,382,1004,5,4,9,3,0,3,1,0,1,0,0,0,0,0,0,2,5,7,2150
"Bloomfield Township, Precinct 16",3161,1028,168,1196,843,538,1381,23,8,31,0,0,0,2,1,3,0,0,0,0,0,0,6,0,6,2617
"Bloomfield Township, Precinct 17",2348,1106,160,1266,379,262,641,10,3,13,3,0,3,1,1,2,0,0,0,0,0,0,3,0,3,1928
"Bloomfield Township, Precinct 18",2188,780,169,949,506,350,856,7,5,12,0,0,0,0,2,2,0,0,0,0,0,0,3,2,5,1824
"Brandon Township, Precinct 1",2351,427,153,580,436,728,1164,8,11,19,1,0,1,2,1,3,0,0,0,0,0,0,4,3,7,1774
"Brandon Township, Precinct 2",2523,493,183,676,521,708,1229,13,14,27,0,1,1,3,0,3,0,0,0,0,0,0,0,2,2,1938
"Brandon Township, Precinct 3",2620,456,225,681,503,864,1367,10,14,24,0,2,2,1,2,3,0,0,0,0,0,0,8,4,12,2089
"Brandon Township, Precinct 4",2937,551,179,730,597,907,1504,12,19,31,2,0,2,2,2,4,0,0,0,0,0,0,5,2,7,2278
"Brandon Township, Precinct 5",1799,157,216,373,79,427,506,4,12,16,0,0,0,1,3,4,0,0,0,0,0,0,3,0,3,902
"Brandon Township, Precinct 6",1169,185,133,318,150,362,512,3,6,9,0,2,2,1,1,2,1,0,1,0,0,0,0,0,0,844
"Commerce Township, Precinct 1",2391,576,160,736,564,552,1116,14,10,24,0,0,0,0,2,2,0,0,0,0,0,0,2,1,3,1881
"Commerce Township, Precinct 2",2585,636,173,809,527,507,1034,10,5,15,1,0,1,3,6,9,0,0,0,0,0,0,2,4,6,1874
"Commerce Township, Precinct 3",2658,897,171,1068,565,394,959,5,2,7,2,0,2,2,1,3,0,0,0,0,0,0,3,0,3,2042
"Commerce Township, Precinct 4",2534,634,183,817,518,576,1094,13,5,18,1,0,1,2,3,5,0,0,0,0,0,0,3,0,3,1938
"Commerce Township, Precinct 5",2754,690,140,830,646,560,1206,9,5,14,0,1,1,3,1,4,0,0,0,0,0,0,1,0,1,2056
"Commerce Township, Precinct 6",2047,535,161,696,382,455,837,10,8,18,2,0,2,1,3,4,0,0,0,0,0,0,0,0,0,1557
"Commerce Township, Precinct 7",2450,703,113,816,698,482,1180,18,7,25,0,0,0,2,3,5,2,0,2,0,0,0,1,1,2,2030
"Commerce Township, Precinct 8",2651,733,151,884,708,554,1262,15,3,18,3,0,3,3,2,5,0,0,0,0,0,0,6,4,10,2182
"Commerce Township, Precinct 9",2886,804,238,1042,650,641,1291,17,9,26,1,0,1,7,1,8,2,0,2,0,0,0,0,0,0,2370
"Commerce Township, Precinct 10",2375,638,175,813,513,478,991,5,5,10,0,1,1,3,1,4,1,2,3,0,0,0,3,3,6,1828
"Commerce Township, Precinct 11",2714,793,187,980,592,490,1082,13,8,21,2,0,2,5,0,5,1,0,1,0,0,0,2,1,3,2094
"Commerce Township, Precinct 12",1492,340,153,493,250,359,609,4,6,10,0,1,1,3,1,4,0,0,0,0,0,0,0,3,3,1120
"Commerce Township, Precinct 13",2614,718,212,930,544,507,1051,11,6,17,2,0,2,3,6,9,1,0,1,0,0,0,5,2,7,2017
"Commerce Township, Precinct 14",1981,349,196,545,186,441,627,5,7,12,2,0,2,2,2,4,0,0,0,0,0,0,0,1,1,1191
"Commerce Township, Precinct 15",2047,494,166,660,426,492,918,6,10,16,6,1,7,1,0,1,1,0,1,0,0,0,2,1,3,1606
"Groveland Township, Precinct 1",1295,224,74,298,289,416,705,6,7,13,2,0,2,0,0,0,0,0,0,0,0,0,1,0,1,1019
"Groveland Township, Precinct 2",1901,309,114,423,324,528,852,4,10,14,0,0,0,1,1,2,0,1,1,0,0,0,1,2,3,1295
"Groveland Township, Precinct 3",1749,322,112,434,436,520,956,15,10,25,1,1,2,1,1,2,1,0,1,0,0,0,1,0,1,1421
"Highland Township, Precinct 1",2980,682,130,812,849,651,1500,15,16,31,4,0,4,2,1,3,1,0,1,0,0,0,1,1,2,2353
"Highland Township, Precinct 2",2369,426,133,559,575,627,1202,12,11,23,2,1,3,4,0,4,1,0,1,0,0,0,0,2,2,1794
"Highland Township, Precinct 3",1793,308,110,418,313,356,669,11,6,17,0,1,1,2,1,3,0,0,0,0,0,0,1,2,3,1111
"Highland Township, Precinct 4",2497,657,138,795,589,560,1149,14,6,20,0,0,0,7,3,10,0,0,0,0,0,0,2,0,2,1976
"Highland Township, Precinct 5",1482,337,95,432,378,425,803,3,4,7,0,0,0,1,0,1,0,0,0,0,0,0,2,0,2,1245
"Highland Township, Precinct 6",2173,467,118,585,540,592,1132,11,10,21,0,1,1,1,3,4,1,0,1,0,0,0,2,3,5,1749
"Highland Township, Precinct 7",1525,269,125,394,342,441,783,6,7,13,1,1,2,1,1,2,1,0,1,0,0,0,0,0,0,1195
"Highland Township, Precinct 8",1656,431,97,528,401,335,736,10,5,15,2,1,3,0,2,2,1,0,1,0,0,0,3,2,5,1290
"Holly Township, Precinct 1",2660,473,234,707,310,622,932,4,25,29,1,2,3,1,2,3,0,0,0,0,0,0,2,3,5,1679
"Holly Township, Precinct 2",2252,418,213,631,291,562,853,3,17,20,2,3,5,4,2,6,0,1,1,0,0,0,2,3,5,1521
"Holly Township, Precinct 3",2438,454,180,634,421,741,1162,10,9,19,0,0,0,2,2,4,0,1,1,0,0,0,1,2,3,1823
"Holly Township, Precinct 4",2614,571,205,776,499,660,1159,5,10,15,3,2,5,4,2,6,2,1,3,0,0,0,0,0,0,1964
"Independence Township, Precinct 1",2849,739,138,877,694,712,1406,12,12,24,3,3,6,3,2,5,0,0,0,0,0,0,2,2,4,2322
"Independence Township, Precinct 2",2125,528,143,671,522,517,1039,20,4,24,0,0,0,4,3,7,0,0,0,0,0,0,3,1,4,1745
"Independence Township, Precinct 3",2260,600,114,714,630,481,1111,17,13,30,0,1,1,0,0,0,0,0,0,0,0,0,3,1,4,1860
"Independence Township, Precinct 4",2149,558,117,675,600,477,1077,25,7,32,1,0,1,2,0,2,0,0,0,0,0,0,3,2,5,1792
"Independence Township, Precinct 5",2579,697,165,862,682,563,1245,7,14,21,3,0,3,1,4,5,1,0,1,0,0,0,3,2,5,2142
"Independence Township, Precinct 6",2419,669,201,870,521,546,1067,8,12,20,1,0,1,4,2,6,0,0,0,0,0,0,1,1,2,1966
"Independence Township, Precinct 7",2637,776,223,999,630,467,1097,13,13,26,1,0,1,1,1,2,0,0,0,0,0,0,2,2,4,2129
"Independence Township, Precinct 8",1968,540,99,639,540,446,986,9,6,15,0,0,0,0,0,0,0,0,0,0,0,0,1,1,2,1642
"Independence Township, Precinct 9",2577,654,173,827,632,660,1292,7,18,25,1,2,3,3,0,3,0,1,1,0,0,0,1,1,2,2153
"Independence Township, Precinct 10",2599,464,231,695,366,597,963,14,12,26,3,0,3,5,3,8,2,1,3,0,0,0,0,2,2,1700
"Independence Township, Precinct 11",2861,595,201,796,596,691,1287,13,14,27,2,1,3,4,4,8,0,0,0,0,0,0,3,4,7,2128
"Independence Township, Precinct 12",1194,287,114,401,238,286,524,6,4,10,0,1,1,2,1,3,1,0,1,0,0,0,1,3,4,944
"Independence Township, Precinct 13",1931,463,162,625,464,370,834,9,12,21,0,2,2,5,0,5,0,0,0,0,0,0,3,2,5,1492
"Lyon Township, Precinct 1",2532,689,152,841,597,504,1101,10,9,19,1,0,1,3,2,5,1,0,1,0,0,0,0,1,1,1969
"Lyon Township, Precinct 2",535,151,26,177,140,116,256,0,1,1,3,0,3,1,0,1,0,0,0,0,0,0,1,0,1,439
"Lyon Township, Precinct 3",2577,622,164,786,575,476,1051,17,5,22,0,0,0,1,4,5,1,0,1,0,0,0,2,0,2,1867
"Lyon Township, Precinct 4",2009,452,169,621,451,478,929,13,6,19,0,0,0,2,4,6,0,0,0,0,0,0,1,0,1,1576
"Lyon Township, Precinct 5",2302,676,119,795,711,394,1105,16,5,21,1,0,1,1,1,2,0,0,0,0,0,0,4,6,10,1934
"Lyon Township, Precinct 6",3268,916,208,1124,982,682,1664,22,4,26,0,1,1,3,1,4,2,0,2,0,0,0,5,1,6,2827
"Lyon Township, Precinct 7",468,169,38,207,108,71,179,1,0,1,0,0,0,0,0,0,0,0,0,0,0,0,3,0,3,390
"Lyon Township, Precinct 8",508,131,43,174,116,147,263,3,4,7,0,1,1,1,0,1,1,0,1,0,0,0,0,1,1,448
"Lyon Township, Precinct 9",2195,713,174,887,480,495,975,16,8,24,0,1,1,3,3,6,1,0,1,0,0,0,3,0,3,1897
"Milford Township, Precinct 1",1880,463,133,596,533,428,961,8,4,12,0,2,2,0,0,0,0,1,1,0,0,0,1,1,2,1574
"Milford Township, Precinct 2",1958,318,127,445,315,434,749,6,9,15,0,0,0,1,0,1,0,1,1,0,0,0,3,0,3,1214
"Milford Township, Precinct 3",1995,515,112,627,545,426,971,5,4,9,1,0,1,2,2,4,0,0,0,0,0,0,1,0,1,1613
"Milford Township, Precinct 4",1565,410,75,485,404,343,747,8,10,18,1,0,1,3,1,4,1,1,2,0,0,0,3,1,4,1261
"Milford Township, Precinct 5",1610,453,89,542,425,298,723,13,8,21,1,1,2,1,2,3,0,0,0,0,0,0,2,0,2,1293
"Milford Township, Precinct 6",1857,618,143,761,392,320,712,5,7,12,1,0,1,1,0,1,0,0,0,0,0,0,2,2,4,1491
"Milford Township, Precinct 7",2252,731,173,904,439,442,881,12,7,19,2,1,3,4,2,6,0,0,0,0,0,0,1,2,3,1816
"Milford Township, Precinct 8",1475,431,148,579,317,262,579,2,12,14,1,0,1,4,0,4,0,0,0,0,0,0,2,1,3,1180
"Novi Township, Precinct 1",138,0,63,63,0,54,54,0,3,3,0,0,0,0,0,0,0,0,0,0,0,0,0,1,1,121
"Oakland Township, Precinct 1",1976,594,127,721,512,445,957,7,3,10,0,0,0,2,0,2,1,1,2,0,0,0,2,1,3,1695
"Oakland Township, Precinct 2",2305,545,172,717,442,637,1079,5,10,15,1,1,2,3,1,4,0,1,1,0,0,0,3,2,5,1823
"Oakland Township, Precinct 3",1201,285,86,371,315,355,670,1,3,4,1,0,1,0,0,0,0,0,0,0,0,0,0,2,2,1048
"Oakland Township, Precinct 4",1646,410,113,523,497,342,839,3,9,12,0,0,0,3,0,3,0,0,0,0,0,0,3,1,4,1381
"Oakland Township, Precinct 5",2108,767,144,911,496,346,842,13,5,18,3,0,3,4,3,7,0,0,0,0,0,0,1,1,2,1783
"Oakland Township, Precinct 6",2281,540,135,675,620,533,1153,11,7,18,0,0,0,2,1,3,0,1,1,0,0,0,2,1,3,1853
"Oakland Township, Precinct 7",2701,729,144,873,801,499,1300,11,2,13,0,0,0,2,0,2,0,0,0,0,0,0,4,0,4,2192
"Oakland Township, Precinct 8",1596,448,102,550,402,377,779,8,5,13,0,0,0,0,2,2,0,0,0,0,0,0,1,0,1,1345
"Orion Township, Precinct 1",2163,474,217,691,356,573,929,16,11,27,3,3,6,3,0,3,0,0,0,0,0,0,1,3,4,1660
"Orion Township, Precinct 2",2414,527,194,721,444,573,1017,12,14,26,4,2,6,6,4,10,2,0,2,0,0,0,0,2,2,1784
"Orion Township, Precinct 3",2083,522,146,668,520,470,990,16,5,21,1,0,1,1,1,2,1,0,1,0,0,0,3,1,4,1687
"Orion Township, Precinct 4",2356,567,151,718,579,586,1165,15,12,27,1,1,2,0,4,4,0,0,0,0,0,0,1,4,5,1921
"Orion Township, Precinct 5",2370,663,180,843,490,561,1051,17,10,27,0,0,0,4,2,6,0,0,0,0,0,0,3,0,3,1930
"Orion Township, Precinct 6",1870,537,140,677,461,372,833,9,12,21,1,0,1,2,1,3,0,1,1,0,0,0,0,1,1,1537
"Orion Township, Precinct 7",2164,503,212,715,348,513,861,10,11,21,2,0,2,1,3,4,0,1,1,0,0,0,0,1,1,1605
"Orion Township, Precinct 8",1915,588,140,728,406,374,780,14,8,22,0,0,0,3,1,4,0,0,0,0,0,0,3,0,3,1537
"Orion Township, Precinct 9",2511,765,198,963,541,476,1017,19,16,35,1,0,1,2,0,2,0,1,1,0,0,0,4,0,4,2023
"Orion Township, Precinct 10",1728,439,178,617,329,380,709,12,7,19,1,0,1,3,2,5,0,0,0,0,0,0,2,3,5,1356
"Orion Township, Precinct 11",1398,324,120,444,276,329,605,7,9,16,1,0,1,1,2,3,0,0,0,0,0,0,0,1,1,1070
"Orion Township, Precinct 12",2160,507,225,732,331,512,843,12,10,22,1,1,2,1,1,2,1,1,2,0,0,0,1,1,2,1605
"Orion Township, Precinct 13",2128,543,186,729,385,460,845,22,16,38,0,1,1,3,0,3,0,0,0,0,0,0,3,1,4,1620
"Orion Township, Precinct 14",1381,392,131,523,232,340,572,6,10,16,0,0,0,0,2,2,0,0,0,0,0,0,0,0,0,1113
"Orion Township, Precinct 15",2189,570,187,757,373,407,780,4,6,10,0,1,1,2,1,3,0,0,0,0,0,0,1,1,2,1553
"Oxford Township, Precinct 1",2775,658,217,875,587,569,1156,16,9,25,1,0,1,2,2,4,0,0,0,0,0,0,0,2,2,2063
"Oxford Township, Precinct 2",2468,424,161,585,454,517,971,11,13,24,2,1,3,4,1,5,1,0,1,0,0,0,3,2,5,1594
"Oxford Township, Precinct 3",2804,667,185,852,657,679,1336,28,13,41,3,3,6,4,2,6,0,0,0,0,0,0,2,2,4,2245
"Oxford Township, Precinct 4",2599,564,175,739,665,647,1312,11,16,27,2,1,3,4,1,5,0,2,2,0,0,0,3,2,5,2093
"Oxford Township, Precinct 5",1985,421,148,569,361,455,816,6,9,15,1,0,1,1,3,4,0,0,0,0,0,0,3,4,7,1412
"Oxford Township, Precinct 6",2371,476,113,589,628,645,1273,18,9,27,1,0,1,4,0,4,0,0,0,0,0,0,1,0,1,1895
"Oxford Township, Precinct 7",2786,752,149,901,709,662,1371,12,9,21,1,0,1,2,1,3,2,0,2,0,0,0,2,1,3,2302
"Rose Township, Precinct 1",1432,303,98,401,283,416,699,5,7,12,0,1,1,1,0,1,0,3,3,0,0,0,0,0,0,1117
"Rose Township, Precinct 2",1904,367,91,458,428,524,952,9,4,13,2,0,2,1,1,2,0,1,1,0,0,0,3,0,3,1431
"Rose Township, Precinct 3",2014,395,107,502,479,539,1018,6,6,12,2,0,2,1,3,4,0,0,0,0,0,0,1,0,1,1539
"Royal Oak Township, Precinct 1",1505,417,307,724,5,28,33,0,1,1,0,0,0,2,2,4,0,2,2,0,0,0,0,4,4,768
"Royal Oak Township, Precinct 2",1143,354,282,636,4,10,14,0,0,0,0,0,0,0,3,3,0,0,0,0,0,0,0,1,1,654
"Southfield Township, Precinct 1",961,372,157,529,108,155,263,6,4,10,0,0,0,0,1,1,0,0,0,0,0,0,0,1,1,804
"Southfield Township, Precinct 2",1130,453,145,598,142,181,323,2,2,4,0,0,0,1,1,2,0,0,0,0,0,0,0,4,4,931
"Southfield Township, Precinct 3",901,364,132,496,118,156,274,0,5,5,0,0,0,0,0,0,0,0,0,0,0,0,2,2,4,779
"Southfield Township, Precinct 4",1357,522,181,703,206,248,454,5,7,12,0,0,0,0,1,1,1,1,2,0,0,0,2,1,3,1175
"Southfield Township, Precinct 5",1450,614,206,820,215,155,370,5,6,11,0,0,0,0,0,0,1,1,2,0,0,0,2,2,4,1207
"Southfield Township, Precinct 6",2151,863,236,1099,369,329,698,2,11,13,0,0,0,3,0,3,1,0,1,0,0,0,4,1,5,1819
"Southfield Township, Precinct 7",1173,407,128,535,218,200,418,8,4,12,1,0,1,0,0,0,0,0,0,0,0,0,2,2,4,970
"Southfield Township, Precinct 8",1529,676,200,876,221,198,419,4,5,9,0,1,1,0,0,0,1,1,2,0,0,0,0,4,4,1311
"Southfield Township, Precinct 9",1337,552,155,707,177,199,376,5,8,13,0,1,1,0,2,2,0,0,0,0,0,0,2,1,3,1102
"Southfield Township, Precinct 10",1041,399,92,491,224,144,368,4,6,10,1,0,1,2,0,2,0,1,1,0,0,0,2,1,3,876
"Springfield Township, Precinct 1",1694,385,108,493,358,497,855,6,5,11,0,2,2,1,0,1,0,0,0,0,0,0,2,1,3,1365
"Springfield Township, Precinct 2",2001,372,160,532,302,566,868,4,9,13,0,0,0,0,3,3,0,0,0,0,0,0,1,1,2,1418
"Springfield Township, Precinct 3",2260,451,139,590,498,646,1144,16,13,29,0,0,0,1,0,1,0,0,0,0,0,0,2,0,2,1766
"Springfield Township, Precinct 4",1581,379,107,486,299,424,723,5,6,11,2,0,2,2,2,4,0,0,0,0,0,0,3,2,5,1231
"Springfield Township, Precinct 5",1928,480,103,583,478,511,989,9,5,14,1,0,1,0,2,2,0,0,0,0,0,0,3,0,3,1592
"Springfield Township, Precinct 6",1773,469,136,605,397,453,850,8,5,13,1,2,3,1,1,2,0,0,0,0,0,0,1,0,1,1474
"Springfield Township, Precinct 7",984,206,65,271,210,301,511,4,12,16,0,1,1,1,0,1,0,0,0,0,0,0,1,0,1,801
"Waterford Township, Precinct 1",984,258,46,304,244,206,450,8,3,11,0,0,0,1,2,3,0,0,0,0,0,0,1,0,1,769
"Waterford Township, Precinct 2",3117,772,188,960,708,592,1300,17,16,33,9,1,10,6,1,7,3,0,3,0,0,0,2,4,6,2319
"Waterford Township, Precinct 3",2991,707,189,896,516,652,1168,9,18,27,1,2,3,1,4,5,0,0,0,0,0,0,3,3,6,2105
"Waterford Township, Precinct 4",2856,620,173,793,644,613,1257,12,7,19,3,1,4,0,1,1,0,0,0,0,0,0,1,1,2,2076
"Waterford Township, Precinct 5",3213,829,212,1041,687,699,1386,12,14,26,2,1,3,4,3,7,1,1,2,0,0,0,3,2,5,2470
"Waterford Township, Precinct 6",2955,724,191,915,568,633,1201,19,5,24,1,1,2,4,3,7,1,1,2,0,0,0,2,1,3,2154
"Waterford Township, Precinct 7",3076,687,240,927,514,643,1157,8,14,22,1,0,1,1,2,3,1,0,1,0,0,0,2,1,3,2114
"Waterford Township, Precinct 8",2852,655,172,827,602,519,1121,16,15,31,6,0,6,1,3,4,1,2,3,0,0,0,4,0,4,1996
"Waterford Township, Precinct 9",2913,752,191,943,635,542,1177,15,2,17,2,2,4,2,3,5,0,0,0,0,0,0,7,0,7,2153
"Waterford Township, Precinct 10",1674,447,90,537,400,311,711,10,9,19,3,0,3,1,0,1,1,0,1,0,0,0,0,1,1,1273
"Waterford Township, Precinct 11",2971,712,273,985,440,466,906,13,10,23,4,2,6,6,2,8,0,0,0,0,0,0,0,2,2,1930
"Waterford Township, Precinct 12",3016,779,227,1006,617,491,1108,6,13,19,7,0,7,9,3,12,1,0,1,0,0,0,2,1,3,2156
"Waterford Township, Precinct 13",3111,740,235,975,493,648,1141,14,14,28,2,0,2,2,3,5,1,1,2,0,0,0,2,2,4,2157
"Waterford Township, Precinct 14",3024,689,290,979,415,446,861,11,6,17,2,1,3,3,1,4,1,0,1,0,0,0,1,3,4,1869
"Waterford Township, Precinct 15",3128,834,305,1139,373,512,885,15,13,28,2,1,3,5,5,10,1,1,2,0,0,0,2,1,3,2070
"Waterford Township, Precinct 16",3312,791,232,1023,655,725,1380,15,15,30,2,0,2,3,1,4,1,0,1,0,0,0,5,1,6,2446
"Waterford Township, Precinct 17",3039,749,257,1006,556,547,1103,13,21,34,0,0,0,3,3,6,0,0,0,0,0,0,3,0,3,2152
"Waterford Township, Precinct 18",2479,684,189,873,455,471,926,6,11,17,2,1,3,1,1,2,0,1,1,0,0,0,4,2,6,1828
"Waterford Township, Precinct 19",2814,769,189,958,508,524,1032,13,9,22,3,1,4,8,3,11,1,0,1,0,0,0,4,1,5,2033
"Waterford Township, Precinct 20",3195,773,274,1047,525,659,1184,13,16,29,1,0,1,6,3,9,0,1,1,0,0,0,4,1,5,2276
"Waterford Township, Precinct 21",3092,721,229,950,487,517,1004,17,14,31,1,1,2,0,2,2,0,0,0,0,0,0,3,1,4,1993
"West Bloomfield Township, Precinct 1",2393,1017,173,1190,414,262,676,8,6,14,0,0,0,2,2,4,0,1,1,0,0,0,1,3,4,1889
"West Bloomfield Township, Precinct 2",2518,758,135,893,547,507,1054,10,5,15,0,0,0,3,2,5,0,1,1,0,0,0,3,1,4,1972
"West Bloomfield Township, Precinct 3",1159,353,133,486,182,228,410,1,2,3,1,0,1,0,1,1,0,0,0,0,0,0,1,3,4,905
"West Bloomfield Township, Precinct 4",2527,975,144,1119,502,307,809,21,9,30,2,0,2,1,4,5,0,0,0,0,0,0,7,0,7,1972
"West Bloomfield Township, Precinct 5",2420,854,188,1042,436,442,878,10,2,12,3,1,4,2,2,4,0,0,0,0,0,0,2,1,3,1943
"West Bloomfield Township, Precinct 6",2144,861,132,993,381,280,661,2,0,2,0,0,0,3,2,5,0,0,0,0,0,0,2,1,3,1664
"West Bloomfield Township, Precinct 7",1707,732,142,874,262,183,445,6,2,8,0,0,0,2,3,5,1,0,1,0,0,0,3,0,3,1336
"West Bloomfield Township, Precinct 8",2548,987,154,1141,561,374,935,15,3,18,1,0,1,3,1,4,0,0,0,0,0,0,3,1,4,2103
"West Bloomfield Township, Precinct 9",1874,829,166,995,284,193,477,6,10,16,1,0,1,0,2,2,1,0,1,0,0,0,2,3,5,1497
"West Bloomfield Township, Precinct 10",2668,1190,139,1329,473,292,765,13,4,17,0,0,0,5,2,7,0,0,0,0,0,0,2,1,3,2121
"West Bloomfield Township, Precinct 11",2360,981,191,1172,371,226,597,3,6,9,0,0,0,3,0,3,1,0,1,0,0,0,3,2,5,1787
"West Bloomfield Township, Precinct 12",2609,1239,172,1411,333,207,540,6,2,8,0,0,0,1,0,1,0,0,0,0,0,0,0,0,0,1960
"West Bloomfield Township, Precinct 13",2165,1046,122,1168,305,259,564,4,0,4,0,0,0,4,2,6,0,0,0,0,0,0,0,0,0,1742
"West Bloomfield Township, Precinct 14",1914,564,128,692,389,402,791,11,10,21,1,1,2,2,0,2,1,0,1,0,0,0,0,2,2,1511
"West Bloomfield Township, Precinct 15",2896,1275,176,1451,487,306,793,8,4,12,1,0,1,2,1,3,0,0,0,0,0,0,3,1,4,2264
"West Bloomfield Township, Precinct 16",2553,1024,129,1153,600,260,860,9,3,12,3,0,3,2,2,4,1,0,1,0,0,0,6,2,8,2041
"West Bloomfield Township, Precinct 17",2414,1097,165,1262,427,211,638,3,4,7,1,0,1,1,0,1,2,0,2,0,0,0,1,0,1,1912
"West Bloomfield Township, Precinct 18",1900,695,129,824,402,311,713,4,0,4,0,0,0,0,0,0,0,0,0,0,0,0,0,2,2,1543
"West Bloomfield Township, Precinct 19",2093,1080,134,1214,288,185,473,8,3,11,0,0,0,0,1,1,0,0,0,0,0,0,1,0,1,1700
"West Bloomfield Township, Precinct 20",1529,590,123,713,222,212,434,4,1,5,1,0,1,2,0,2,0,0,0,0,0,0,2,2,4,1159
"West Bloomfield Township, Precinct 21",2018,740,158,898,323,221,544,4,4,8,0,1,1,1,1,2,0,0,0,0,0,0,4,0,4,1457
"West Bloomfield Township, Precinct 22",2811,1130,141,1271,565,284,849,5,1,6,0,0,0,1,0,1,1,0,1,0,0,0,5,2,7,2135
"West Bloomfield Township, Precinct 23",3059,1121,211,1332,559,495,1054,8,3,11,0,0,0,1,1,2,0,0,0,0,0,0,3,0,3,2402
"West Bloomfield Township, Precinct 24",2063,666,119,785,427,389,816,2,3,5,0,0,0,0,1,1,0,0,0,0,0,0,0,2,2,1609
"West Bloomfield Township, Precinct 25",2284,821,139,960,458,377,835,11,5,16,1,1,2,2,1,3,0,0,0,0,0,0,1,0,1,1817
"White Lake Township, Precinct 1",2466,638,198,836,510,580,1090,17,5,22,2,0,2,4,0,4,1,0,1,0,0,0,1,0,1,1956
"White Lake Township, Precinct 2",2422,525,145,670,484,644,1128,12,7,19,1,2,3,4,2,6,2,1,3,0,0,0,3,2,5,1834
"White Lake Township, Precinct 3",1476,393,77,470,320,374,694,12,10,22,1,0,1,1,2,3,1,0,1,0,0,0,1,0,1,1192
"White Lake Township, Precinct 4",1130,251,72,323,326,254,580,3,11,14,0,0,0,0,2,2,0,0,0,0,0,0,0,2,2,921
"White Lake Township, Precinct 5",2356,629,160,789,521,530,1051,12,13,25,2,1,3,1,1,2,0,2,2,0,0,0,0,1,1,1873
"White Lake Township, Precinct 6",3028,616,207,823,637,624,1261,7,7,14,2,0,2,4,2,6,1,0,1,0,0,0,1,0,1,2108
"White Lake Township, Precinct 7",1897,483,115,598,456,441,897,9,5,14,2,0,2,8,2,10,1,0,1,0,0,0,5,0,5,1527
"White Lake Township, Precinct 8",2864,572,157,729,470,668,1138,9,13,22,1,0,1,2,4,6,1,0,1,0,0,0,2,5,7,1904
"White Lake Township, Precinct 9",2228,503,175,678,428,503,931,6,22,28,2,0,2,4,2,6,0,0,0,0,0,0,1,3,4,1649
"White Lake Township, Precinct 10",2672,501,186,687,498,544,1042,6,5,11,0,3,3,2,5,7,1,1,2,0,0,0,2,1,3,1755
"White Lake Township, Precinct 11",2497,553,142,695,595,617,1212,11,11,22,2,0,2,0,1,1,0,1,1,0,0,0,6,0,6,1939
"White Lake Township, Precinct 12",1476,420,109,529,330,303,633,3,4,7,1,0,1,1,1,2,0,1,1,0,0,0,2,0,2,1175
"Auburn Hills, Precinct 1",1270,307,108,415,166,228,394,9,6,15,0,0,0,1,3,4,0,0,0,0,0,0,0,3,3,831
"Auburn Hills, Precinct 2",1587,549,217,766,146,174,320,7,5,12,0,1,1,1,1,2,0,1,1,0,0,0,2,1,3,1105
"Auburn Hills, Precinct 3",2187,565,249,814,249,358,607,10,10,20,0,1,1,1,5,6,0,0,0,0,0,0,1,2,3,1451
"Auburn Hills, Precinct 4",1962,535,193,728,207,324,531,7,12,19,1,0,1,1,2,3,1,1,2,0,0,0,1,2,3,1287
"Auburn Hills, Precinct 5",1434,442,150,592,233,262,495,9,8,17,0,0,0,0,1,1,0,0,0,0,0,0,1,0,1,1106
"Auburn Hills, Precinct 6",2395,821,150,971,556,280,836,16,12,28,3,0,3,0,1,1,1,0,1,0,0,0,3,0,3,1843
"Auburn Hills, Precinct 7",2052,687,273,960,177,235,412,3,9,12,2,2,4,5,3,8,0,1,1,0,0,0,1,3,4,1401
"Auburn Hills, Precinct 8",1846,545,210,755,176,250,426,9,11,20,2,0,2,1,2,3,1,0,1,0,0,0,3,1,4,1211
"Auburn Hills, Precinct 9",1516,439,147,586,181,183,364,9,3,12,1,0,1,1,3,4,0,0,0,0,0,0,2,0,2,969
"Berkley, Precinct 1",2054,828,250,1078,294,275,569,8,9,17,1,1,2,2,2,4,0,0,0,0,0,0,2,6,8,1678
"Berkley, Precinct 2",1876,784,243,1027,215,284,499,14,7,21,1,0,1,2,4,6,2,0,2,0,0,0,3,3,6,1562
"Berkley, Precinct 3",1953,744,263,1007,198,288,486,7,11,18,0,1,1,4,6,10,0,0,0,0,0,0,2,1,3,1525
"Berkley, Precinct 4",1958,749,348,1097,190,322,512,5,12,17,2,0,2,1,1,2,0,0,0,0,0,0,2,0,2,1632
"Berkley, Precinct 5",1734,665,271,936,164,257,421,6,11,17,2,0,2,1,1,2,0,0,0,0,0,0,2,1,3,1381
"Berkley, Precinct 6",1957,699,283,982,171,330,501,6,11,17,0,0,0,2,5,7,0,0,0,0,0,0,0,3,3,1510
"Berkley, Precinct 7",1933,745,269,1014,203,273,476,10,8,18,0,0,0,3,4,7,1,1,2,0,0,0,0,3,3,1520
"Birmingham, Precinct 1",2129,736,149,885,425,329,754,7,4,11,1,0,1,2,1,3,0,1,1,0,0,0,1,1,2,1657
"Birmingham, Precinct 2",2090,800,183,983,365,315,680,8,4,12,1,0,1,0,1,1,1,0,1,0,0,0,2,1,3,1681
"Birmingham, Precinct 3",1887,728,193,921,252,272,524,1,12,13,1,0,1,1,0,1,0,0,0,0,0,0,4,1,5,1465
"Birmingham, Precinct 4",2137,760,168,928,459,350,809,10,2,12,0,1,1,0,1,1,0,0,0,0,0,0,3,1,4,1755
"Birmingham, Precinct 5",2097,864,163,1027,311,367,678,10,5,15,0,0,0,2,2,4,0,0,0,0,0,0,7,1,8,1732
"Birmingham, Precinct 6",2422,964,175,1139,437,277,714,12,4,16,1,0,1,1,0,1,0,0,0,0,0,0,7,2,9,1880
"Birmingham, Precinct 7",2475,913,267,1180,356,337,693,9,6,15,1,1,2,4,0,4,0,0,0,0,0,0,3,1,4,1898
"Birmingham, Precinct 8",2091,739,181,920,319,333,652,3,5,8,0,1,1,1,2,3,0,1,1,0,0,0,8,3,11,1596
"Birmingham, Precinct 9",1639,553,195,748,229,284,513,4,8,12,0,0,0,0,1,1,0,1,1,0,0,0,2,1,3,1278
"Bloomfield Hills, Precinct 1",2236,713,137,850,589,282,871,12,7,19,1,0,1,2,2,4,0,0,0,0,0,0,3,3,6,1751
"Bloomfield Hills, Precinct 2",1799,579,132,711,424,233,657,6,4,10,0,1,1,1,0,1,1,0,1,0,0,0,0,1,1,1382
"Clarkston, Precinct 1",855,0,309,309,0,334,334,0,12,12,0,2,2,0,2,2,0,1,1,0,0,0,0,1,1,661
"Clawson, Precinct 1",2560,913,283,1196,353,444,797,12,9,21,1,1,2,4,2,6,1,0,1,0,0,0,1,2,3,2026
"Clawson, Precinct 2",1761,635,185,820,249,277,526,7,10,17,4,0,4,2,1,3,1,0,1,0,0,0,2,1,3,1374
"Clawson, Precinct 3",1725,572,222,794,277,310,587,5,8,13,0,1,1,1,2,3,2,0,2,0,0,0,4,1,5,1405
"Clawson, Precinct 4",1635,522,224,746,195,297,492,6,16,22,0,0,0,0,1,1,1,0,1,0,0,0,2,1,3,1265
"Clawson, Precinct 5",2142,701,270,971,343,407,750,9,15,24,0,0,0,0,5,5,0,0,0,0,0,0,0,2,2,1752
"Farmington, Precinct 1",1097,421,148,569,141,169,310,9,6,15,1,0,1,2,2,4,1,0,1,0,0,0,0,0,0,900
"Farmington, Precinct 2",1580,596,181,777,216,238,454,6,8,14,0,0,0,2,4,6,1,0,1,0,0,0,2,0,2,1254
"Farmington, Precinct 3",1475,465,218,683,177,244,421,8,15,23,0,1,1,1,0,1,0,0,0,0,0,0,0,0,0,1129
"Farmington, Precinct 4",1409,548,151,699,162,180,342,5,9,14,0,0,0,1,2,3,0,0,0,0,0,0,1,0,1,1059
"Farmington, Precinct 5",1110,416,153,569,179,141,320,3,4,7,0,1,1,1,0,1,1,0,1,0,0,0,1,0,1,900
"Farmington, Precinct 6",1236,461,130,591,171,158,329,9,5,14,2,1,3,1,2,3,0,0,0,0,0,0,3,3,6,946
"Farmington Hills, Precinct 1",2318,1071,158,1229,350,188,538,4,4,8,3,0,3,3,4,7,0,0,0,0,0,0,5,1,6,1791
"Farmington Hills, Precinct 2",2525,1152,238,1390,324,213,537,5,5,10,1,2,3,2,3,5,1,1,2,0,0,0,2,2,4,1951
"Farmington Hills, Precinct 3",2674,1277,230,1507,401,239,640,12,5,17,2,0,2,8,1,9,0,0,0,0,0,0,4,8,12,2187
"Farmington Hills, Precinct 4",2561,1192,181,1373,404,249,653,7,1,8,0,0,0,1,1,2,1,0,1,0,0,0,4,0,4,2041
"Farmington Hills, Precinct 5",2307,770,143,913,432,388,820,12,2,14,1,1,2,1,0,1,0,0,0,0,0,0,2,0,2,1752
"Farmington Hills, Precinct 6",1438,504,136,640,119,125,244,7,1,8,1,1,2,0,1,1,1,0,1,0,0,0,1,0,1,897
"Farmington Hills, Precinct 7",2472,1057,165,1222,474,236,710,5,5,10,1,0,1,1,0,1,1,1,2,0,0,0,10,1,11,1957
"Farmington Hills, Precinct 8",2132,959,166,1125,342,215,557,3,6,9,1,1,2,1,2,3,2,0,2,0,0,0,0,1,1,1699
"Farmington Hills, Precinct 9",2873,1208,228,1436,514,328,842,12,9,21,0,0,0,3,1,4,1,1,2,0,0,0,2,3,5,2310
"Farmington Hills, Precinct 10",3106,1303,310,1613,439,284,723,11,11,22,4,1,5,10,2,12,0,0,0,0,0,0,7,1,8,2383
"Farmington Hills, Precinct 11",2558,1016,234,1250,309,203,512,7,6,13,1,0,1,3,2,5,1,0,1,0,0,0,2,1,3,1785
"Farmington Hills, Precinct 12",2189,1068,218,1286,277,180,457,9,3,12,1,0,1,2,0,2,0,1,1,0,0,0,4,0,4,1763
"Farmington Hills, Precinct 13",2030,839,204,1043,312,240,552,13,8,21,0,0,0,4,1,5,1,0,1,0,0,0,1,1,2,1624
"Farmington Hills, Precinct 14",2471,896,227,1123,451,402,853,12,6,18,2,2,4,1,1,2,0,2,2,0,0,0,1,1,2,2004
"Farmington Hills, Precinct 15",1400,534,110,644,256,173,429,6,4,10,0,0,0,0,0,0,0,0,0,0,0,0,4,1,5,1088
"Farmington Hills, Precinct 16",2953,1205,233,1438,494,307,801,13,2,15,2,2,4,3,2,5,1,0,1,0,0,0,2,2,4,2268
"Farmington Hills, Precinct 17",2445,865,327,1192,133,139,272,7,7,14,1,0,1,1,0,1,0,1,1,0,0,0,2,3,5,1486
"Farmington Hills, Precinct 18",1691,610,154,764,317,202,519,6,6,12,4,0,4,1,0,1,0,1,1,0,0,0,1,0,1,1302
"Farmington Hills, Precinct 19",2301,1029,245,1274,298,229,527,7,5,12,0,0,0,3,2,5,0,0,0,0,0,0,1,0,1,1819
"Farmington Hills, Precinct 20",3000,1261,252,1513,396,282,678,13,6,19,2,2,4,4,0,4,2,0,2,0,0,0,6,2,8,2228
"Farmington Hills, Precinct 21",2897,1003,295,1298,428,394,822,9,8,17,2,2,4,2,2,4,1,0,1,0,0,0,3,2,5,2151
"Farmington Hills, Precinct 22",1991,709,162,871,335,254,589,7,3,10,1,1,2,1,0,1,1,0,1,0,0,0,4,2,6,1480
"Farmington Hills, Precinct 23",2013,806,156,962,443,215,658,17,1,18,0,0,0,1,0,1,0,0,0,0,0,0,7,1,8,1647
"Farmington Hills, Precinct 24",2967,1151,199,1350,617,309,926,8,8,16,1,1,2,1,3,4,3,1,4,0,0,0,3,2,5,2307
"Farmington Hills, Precinct 25",2933,1176,207,1383,445,300,745,17,4,21,1,2,3,2,1,3,1,1,2,0,0,0,0,1,1,2158
"Farmington Hills, Precinct 26",2849,967,302,1269,378,310,688,9,12,21,2,1,3,4,2,6,0,1,1,0,0,0,4,4,8,1996
"Farmington Hills, Precinct 27",2833,837,332,1169,294,303,597,13,12,25,1,1,2,12,1,13,0,0,0,0,0,0,4,1,5,1811
"Fenton, Precinct 2",15,0,4,4,0,10,10,0,0,0,0,0,0,0,0,0,0,0,0,0,0,0,0,0,0,14
"Ferndale, Precinct 1",2426,1424,254,1678,199,145,344,5,10,15,0,0,0,7,1,8,1,0,1,0,0,0,3,2,5,2051
"Ferndale, Precinct 2",1819,789,310,1099,112,158,270,7,7,14,0,0,0,5,7,12,0,0,0,0,0,0,0,4,4,1399
"Ferndale, Precinct 3",1982,946,339,1285,105,117,222,8,11,19,1,2,3,2,3,5,0,0,0,0,0,0,1,0,1,1535
"Ferndale, Precinct 4",1903,766,312,1078,132,163,295,4,8,12,0,0,0,9,5,14,1,0,1,0,0,0,6,3,9,1409
"Ferndale, Precinct 5",1971,871,366,1237,132,137,269,12,12,24,1,0,1,2,4,6,0,1,1,0,0,0,5,1,6,1544
"Ferndale, Precinct 6",1899,695,286,981,155,226,381,7,14,21,0,0,0,2,5,7,0,1,1,0,0,0,1,0,1,1392
"Ferndale, Precinct 7",1703,672,255,927,124,192,316,6,9,15,0,0,0,0,4,4,0,0,0,0,0,0,2,0,2,1264
"Ferndale, Precinct 8",1105,487,176,663,76,69,145,3,9,12,0,0,0,1,2,3,0,0,0,0,0,0,3,0,3,826
"Ferndale, Precinct 9",1991,1036,291,1327,129,132,261,6,12,18,0,0,0,4,3,7,0,0,0,0,0,0,4,3,7,1620
"Hazel Park, Precinct 1",2435,600,337,937,160,352,512,10,6,16,0,3,3,4,2,6,0,1,1,0,0,0,2,3,5,1480
"Hazel Park, Precinct 2",2365,634,325,959,225,340,565,5,13,18,3,1,4,1,2,3,0,2,2,0,0,0,3,3,6,1557
"Hazel Park, Precinct 3",2102,435,257,692,196,349,545,7,9,16,1,0,1,3,5,8,0,1,1,0,0,0,1,2,3,1266
"Hazel Park, Precinct 4",1526,388,198,586,130,241,371,5,6,11,0,1,1,1,3,4,1,2,3,0,0,0,2,0,2,978
"Hazel Park, Precinct 5",2402,576,310,886,201,359,560,13,8,21,2,0,2,1,3,4,2,0,2,0,0,0,2,0,2,1477
"Hazel Park, Precinct 6",2009,454,244,698,139,261,400,7,3,10,0,0,0,5,3,8,1,3,4,0,0,0,5,3,8,1128
"Huntington Woods, Precinct 1",1328,833,131,964,92,76,168,3,6,9,0,0,0,1,0,1,0,0,0,0,0,0,1,1,2,1144
"Huntington Woods, Precinct 2",1080,575,134,709,78,87,165,3,6,9,0,0,0,0,0,0,0,0,0,0,0,0,1,2,3,886
"Huntington Woods, Precinct 3",1169,660,136,796,97,107,204,3,9,12,1,0,1,0,0,0,0,0,0,0,0,0,1,0,1,1014
"Huntington Woods, Precinct 4",1064,666,101,767,71,61,132,1,1,2,0,0,0,1,0,1,0,0,0,0,0,0,0,0,0,902
"Huntington Woods, Precinct 5",1099,591,156,747,107,59,166,9,3,12,0,0,0,0,0,0,1,0,1,0,0,0,0,0,0,926
"Keego Harbor, Precinct 1",2258,551,277,828,323,424,747,6,3,9,1,0,1,2,3,5,0,1,1,0,0,0,2,8,10,1601
"Lake Angelus, Precinct 1",263,0,81,81,0,144,144,0,3,3,0,1,1,0,0,0,0,0,0,0,0,0,0,0,0,229
"Lathrup Village, Precinct 1",1956,1126,223,1349,139,96,235,1,4,5,3,1,4,3,1,4,0,1,1,0,0,0,4,0,4,1602
"Lathrup Village, Precinct 2",1951,1076,277,1353,100,63,163,4,3,7,0,0,0,1,1,2,0,0,0,0,0,0,3,1,4,1529
"Madison Heights, Precinct 1",1977,510,215,725,219,318,537,10,4,14,0,1,1,5,4,9,0,1,1,0,0,0,2,3,5,1292
"Madison Heights, Precinct 2",1689,472,169,641,204,246,450,8,8,16,1,0,1,2,2,4,0,0,0,0,0,0,3,0,3,1115
"Madison Heights, Precinct 3",2029,494,205,699,209,335,544,6,5,11,1,1,2,1,3,4,0,0,0,0,0,0,4,1,5,1265
"Madison Heights, Precinct 4",1978,484,190,674,203,314,517,5,13,18,1,1,2,4,4,8,1,1,2,0,0,0,0,0,0,1221
"Madison Heights, Precinct 5",1644,426,158,584,240,292,532,3,2,5,1,0,1,3,0,3,1,0,1,0,0,0,1,0,1,1127
"Madison Heights, Precinct 6",450,162,7,169,48,43,91,1,0,1,0,0,0,1,0,1,0,0,0,0,0,0,1,0,1,263
"Madison Heights, Precinct 7",2369,751,195,946,408,389,797,15,3,18,3,0,3,2,1,3,0,0,0,0,0,0,1,0,1,1768
"Madison Heights, Precinct 8",2924,899,228,1127,514,455,969,16,7,23,1,2,3,5,4,9,0,0,0,0,0,0,2,1,3,2134
"Madison Heights, Precinct 9",2436,758,208,966,357,443,800,10,13,23,3,1,4,1,3,4,1,0,1,0,0,0,2,3,5,1803
"Madison Heights, Precinct 10",2046,581,205,786,363,335,698,11,11,22,0,0,0,4,0,4,0,0,0,0,0,0,2,1,3,1513
"Madison Heights, Precinct 11",3073,812,321,1133,356,283,639,9,14,23,0,2,2,3,2,5,1,2,3,0,0,0,3,2,5,1810
"Northville, Precinct 2",2775,1030,198,1228,569,449,1018,8,9,17,1,0,1,4,2,6,0,1,1,0,0,0,9,4,13,2284
"Novi, Precinct 1",1996,735,141,876,407,302,709,7,7,14,2,0,2,2,1,3,0,0,0,0,0,0,3,0,3,1607
"Novi, Precinct 2",2552,948,224,1172,466,336,802,10,7,17,3,0,3,2,0,2,1,0,1,0,0,0,2,3,5,2002
"Novi, Precinct 3",1868,675,175,850,328,238,566,11,6,17,1,0,1,0,1,1,1,0,1,0,0,0,1,0,1,1437
"Novi, Precinct 4",2064,790,212,1002,326,286,612,5,1,6,3,0,3,3,3,6,0,1,1,0,0,0,4,1,5,1635
"Novi, Precinct 5",1851,615,175,790,281,216,497,7,6,13,0,1,1,2,1,3,2,0,2,0,0,0,4,0,4,1310
"Novi, Precinct 6",2130,851,163,1014,373,233,606,4,2,6,1,0,1,0,3,3,1,0,1,0,0,0,2,4,6,1637
"Novi, Precinct 7",1997,770,154,924,337,202,539,8,3,11,1,0,1,7,0,7,0,0,0,0,0,0,3,0,3,1485
"Novi, Precinct 8",2015,712,158,870,381,291,672,8,3,11,2,1,3,0,0,0,0,0,0,0,0,0,0,1,1,1557
"Novi, Precinct 9",1737,727,97,824,428,172,600,8,2,10,1,0,1,2,1,3,0,0,0,0,0,0,3,0,3,1441
"Novi, Precinct 10",1269,522,50,572,410,83,493,6,0,6,1,0,1,0,0,0,0,0,0,0,0,0,3,0,3,1075
"Novi, Precinct 11",2179,576,263,839,229,283,512,10,3,13,1,1,2,0,3,3,1,0,1,0,0,0,0,2,2,1372
"Novi, Precinct 12",2115,631,364,995,157,209,366,7,5,12,0,0,0,5,2,7,0,0,0,0,0,0,2,1,3,1383
"Novi, Precinct 13",2022,760,121,881,371,311,682,12,4,16,4,0,4,0,1,1,0,0,0,0,0,0,3,0,3,1587
"Novi, Precinct 14",1187,448,142,590,193,150,343,5,2,7,0,0,0,2,1,3,1,0,1,0,0,0,1,1,2,946
"Novi, Precinct 15",1643,654,151,805,315,193,508,7,0,7,1,0,1,2,1,3,1,0,1,0,0,0,2,1,3,1328
"Novi, Precinct 16",1849,753,120,873,431,251,682,10,2,12,1,1,2,1,1,2,0,0,0,0,0,0,4,2,6,1577
"Novi, Precinct 17",1645,628,105,733,390,226,616,8,2,10,2,1,3,2,1,3,1,0,1,0,0,0,5,0,5,1371
"Novi, Precinct 18",1966,720,131,851,422,311,733,10,5,15,0,0,0,2,3,5,0,1,1,0,0,0,2,3,5,1610
"Novi, Precinct 19",2008,790,137,927,451,243,694,3,4,7,0,0,0,3,0,3,1,0,1,0,0,0,6,0,6,1638
"Novi, Precinct 20",1244,434,97,531,264,197,461,6,2,8,1,0,1,1,0,1,0,0,0,0,0,0,2,0,2,1004
"Novi, Precinct 21",1830,795,105,900,404,196,600,7,1,8,0,0,0,3,1,4,0,1,1,0,0,0,2,2,4,1517
"Novi, Precinct 22",1836,500,201,701,188,289,477,4,5,9,0,0,0,2,2,4,1,0,1,0,0,0,2,4,6,1198
"Novi, Precinct 23",1626,623,92,715,361,219,580,5,3,8,2,0,2,4,1,5,0,0,0,0,0,0,3,0,3,1313
"Novi, Precinct 24",1885,719,92,811,482,240,722,7,4,11,0,1,1,0,4,4,0,0,0,0,0,0,5,0,5,1554
"Novi, Precinct 25",1161,362,57,419,330,221,551,8,1,9,0,0,0,2,0,2,0,0,0,0,0,0,1,2,3,984
"Oak Park, Precinct 1",1353,332,263,595,75,74,149,2,5,7,1,1,2,0,2,2,0,0,0,0,0,0,1,0,1,756
"Oak Park, Precinct 2",1736,521,185,706,314,230,544,6,1,7,1,1,2,5,0,5,1,0,1,0,0,0,1,1,2,1267
"Oak Park, Precinct 3",1916,657,186,843,299,236,535,2,8,10,0,0,0,1,0,1,0,0,0,0,0,0,0,3,3,1392
"Oak Park, Precinct 4",1538,388,138,526,279,146,425,0,3,3,1,0,1,2,2,4,0,0,0,0,0,0,0,1,1,960
"Oak Park, Precinct 5",1209,511,191,702,39,33,72,5,4,9,1,2,3,1,2,3,0,0,0,0,0,0,0,3,3,792
"Oak Park, Precinct 6",1721,630,253,883,144,115,259,3,0,3,0,0,0,0,3,3,0,0,0,0,0,0,1,0,1,1149
"Oak Park, Precinct 7",1751,722,350,1072,39,39,78,0,2,2,0,0,0,1,3,4,0,1,1,0,0,0,2,2,4,1161
"Oak Park, Precinct 8",1747,839,282,1121,37,22,59,2,2,4,1,1,2,0,2,2,0,0,0,0,0,0,2,0,2,1190
"Oak Park, Precinct 9",1716,784,293,1077,31,42,73,0,2,2,0,3,3,1,3,4,0,0,0,0,0,0,3,0,3,1162
"Oak Park, Precinct 10",1891,834,397,1231,41,37,78,0,3,3,0,0,0,2,1,3,2,0,2,0,0,0,3,2,5,1322
"Oak Park, Precinct 11",1675,461,341,802,71,92,163,4,2,6,1,1,2,2,2,4,0,0,0,0,0,0,0,0,0,977
"Oak Park, Precinct 12",1885,821,352,1173,53,59,112,5,5,10,0,0,0,2,7,9,1,0,1,0,0,0,1,2,3,1308
"Oak Park, Precinct 13",1825,863,285,1148,40,34,74,3,4,7,0,0,0,0,1,1,0,0,0,0,0,0,0,1,1,1231
"Oak Park, Precinct 14",1405,594,267,861,78,101,179,7,7,14,0,0,0,3,0,3,0,0,0,0,0,0,0,1,1,1058
"Oak Park, Precinct 15",1412,628,265,893,67,63,130,2,6,8,0,0,0,0,1,1,2,0,2,0,0,0,0,2,2,1036
"Oak Park, Precinct 16",1648,673,262,935,90,151,241,4,11,15,0,1,1,2,2,4,1,0,1,0,0,0,5,2,7,1204
"Orchard Lake, Precinct 1",2118,614,109,723,625,345,970,5,6,11,2,0,2,1,1,2,1,0,1,0,0,0,3,3,6,1715
"Pleasant Ridge, Precinct 1",2513,1185,419,1604,162,219,381,12,10,22,3,0,3,3,1,4,0,0,0,0,0,0,6,3,9,2023
"Pontiac, Precinct 1",2957,955,412,1367,36,42,78,5,1,6,0,0,0,1,0,1,0,2,2,0,0,0,2,4,6,1460
"Pontiac, Precinct 2",2369,576,291,867,54,85,139,1,3,4,0,3,3,1,1,2,1,1,2,0,0,0,0,1,1,1018
"Pontiac, Precinct 3",2138,766,352,1118,66,86,152,1,8,9,2,3,5,1,0,1,2,1,3,0,0,0,1,1,2,1290
"Pontiac, Precinct 4",1923,562,209,771,139,201,340,5,9,14,0,0,0,2,1,3,1,0,1,0,0,0,3,0,3,1132
"Pontiac, Precinct 5",2023,565,241,806,92,131,223,5,5,10,2,0,2,0,1,1,1,0,1,0,0,0,2,0,2,1045
"Pontiac, Precinct 6",2370,671,355,1026,63,98,161,8,10,18,0,0,0,3,5,8,0,0,0,0,0,0,0,1,1,1214
"Pontiac, Precinct 7",1452,171,179,350,43,64,107,1,0,1,0,1,1,0,1,1,0,1,1,0,0,0,0,2,2,463
"Pontiac, Precinct 8",2568,428,312,740,152,218,370,5,7,12,3,0,3,1,4,5,1,0,1,0,0,0,2,2,4,1135
"Pontiac, Precinct 9",1810,316,262,578,51,81,132,1,2,3,0,0,0,1,1,2,0,0,0,0,0,0,0,2,2,717
"Pontiac, Precinct 10",637,93,98,191,45,54,99,2,0,2,0,0,0,0,0,0,0,0,0,0,0,0,0,0,0,292
"Pontiac, Precinct 11",3252,718,412,1130,216,301,517,5,7,12,1,0,1,4,1,5,1,4,5,0,0,0,0,4,4,1674
"Pontiac, Precinct 12",2546,515,327,842,127,243,370,3,10,13,0,0,0,2,0,2,2,2,4,0,0,0,0,3,3,1234
"Pontiac, Precinct 13",2250,602,320,922,123,193,316,3,10,13,0,1,1,2,2,4,2,0,2,0,0,0,0,3,3,1261
"Pontiac, Precinct 14",2051,462,307,769,34,76,110,3,2,5,1,0,1,5,0,5,0,2,2,0,0,0,3,1,4,896
"Pontiac, Precinct 15",2640,707,487,1194,39,78,117,2,3,5,0,0,0,1,1,2,1,1,2,0,0,0,0,1,1,1321
"Pontiac, Precinct 16",2623,725,394,1119,60,86,146,3,2,5,1,0,1,3,2,5,0,0,0,0,0,0,0,1,1,1277
"Pontiac, Precinct 17",2490,377,297,674,74,137,211,6,6,12,0,0,0,1,0,1,0,0,0,0,0,0,3,3,6,904
"Pontiac, Precinct 18",2090,283,171,454,34,104,138,4,2,6,0,2,2,1,0,1,0,0,0,0,0,0,0,2,2,603
"Pontiac, Precinct 19",2885,670,389,1059,33,49,82,1,4,5,2,0,2,3,1,4,0,1,1,0,0,0,0,0,0,1153
"Pontiac, Precinct 20",2290,721,349,1070,55,37,92,1,7,8,3,0,3,0,1,1,0,0,0,0,0,0,0,0,0,1174
"Pontiac, Precinct 21",2872,643,412,1055,47,63,110,4,3,7,1,1,2,2,3,5,0,2,2,0,0,0,1,0,1,1182
"Rochester, Precinct 1",2118,652,241,893,254,325,579,8,12,20,0,0,0,2,3,5,0,0,0,0,0,0,4,3,7,1504
"Rochester, Precinct 2",2896,821,243,1064,440,468,908,5,9,14,0,0,0,4,2,6,1,0,1,0,0,0,0,2,2,1995
"Rochester, Precinct 3",1670,465,176,641,224,298,522,12,6,18,0,0,0,0,0,0,0,0,0,0,0,0,1,0,1,1182
"Rochester, Precinct 4",1327,408,86,494,275,255,530,9,8,17,0,0,0,2,0,2,0,0,0,0,0,0,1,1,2,1045
"Rochester, Precinct 5",2175,609,102,711,523,463,986,7,2,9,0,0,0,0,1,1,0,0,0,0,0,0,2,0,2,1709
"Rochester, Precinct 6",1215,384,50,434,288,220,508,2,4,6,0,0,0,1,0,1,0,0,0,0,0,0,3,0,3,952
"Rochester Hills, Precinct 1",2074,709,161,870,475,290,765,8,5,13,2,0,2,2,0,2,1,0,1,0,0,0,1,0,1,1654
"Rochester Hills, Precinct 2",1069,355,91,446,165,95,260,5,5,10,1,0,1,0,2,2,0,1,1,0,0,0,0,0,0,720
"Rochester Hills, Precinct 3",1519,447,160,607,234,305,539,13,7,20,0,0,0,2,0,2,1,0,1,0,0,0,4,0,4,1173
"Rochester Hills, Precinct 4",1436,467,110,577,283,219,502,2,1,3,1,0,1,4,1,5,0,0,0,0,0,0,1,0,1,1089
"Rochester Hills, Precinct 5",2117,584,140,724,431,456,887,15,11,26,1,2,3,2,4,6,0,0,0,0,0,0,1,1,2,1648
"Rochester Hills, Precinct 6",2657,793,150,943,624,377,1001,6,8,14,2,2,4,3,2,5,0,0,0,0,0,0,1,1,2,1969
"Rochester Hills, Precinct 7",1095,340,101,441,242,184,426,5,6,11,2,0,2,1,3,4,0,0,0,0,0,0,1,1,2,886
"Rochester Hills, Precinct 8",1005,338,62,400,270,160,430,6,1,7,1,0,1,1,0,1,0,0,0,0,0,0,0,0,0,839
"Rochester Hills, Precinct 9",2362,858,145,1003,499,384,883,16,5,21,2,1,3,4,1,5,0,0,0,0,0,0,1,0,1,1916
"Rochester Hills, Precinct 10",1505,610,130,740,255,218,473,7,4,11,0,0,0,3,1,4,0,0,0,0,0,0,1,2,3,1231
"Rochester Hills, Precinct 11",1766,453,158,611,246,369,615,9,7,16,0,1,1,1,1,2,0,1,1,0,0,0,1,3,4,1250
"Rochester Hills, Precinct 12",2108,640,132,772,523,442,965,13,5,18,0,0,0,4,0,4,0,0,0,0,0,0,3,0,3,1762
"Rochester Hills, Precinct 13",1692,477,113,590,352,361,713,3,6,9,0,0,0,2,0,2,1,0,1,0,0,0,0,0,0,1315
"Rochester Hills, Precinct 14",2491,896,122,1018,562,369,931,13,9,22,2,0,2,2,0,2,1,0,1,0,0,0,2,0,2,1978
"Rochester Hills, Precinct 15",2192,470,168,638,340,353,693,6,5,11,1,0,1,5,1,6,1,1,2,0,0,0,4,0,4,1355
"Rochester Hills, Precinct 16",2443,750,158,908,482,438,920,18,10,28,1,1,2,3,1,4,1,0,1,0,0,0,3,3,6,1869
"Rochester Hills, Precinct 17",2498,900,156,1056,489,392,881,15,7,22,2,0,2,0,2,2,0,0,0,0,0,0,5,3,8,1971
"Rochester Hills, Precinct 18",1454,500,74,574,387,254,641,10,7,17,0,0,0,1,1,2,0,0,0,0,0,0,1,1,2,1236
"Rochester Hills, Precinct 19",1350,416,108,524,318,288,606,7,2,9,0,1,1,0,0,0,0,1,1,0,0,0,3,1,4,1145
"Rochester Hills, Precinct 20",1247,475,72,547,269,174,443,3,5,8,0,0,0,1,1,2,0,0,0,0,0,0,2,1,3,1003
"Rochester Hills, Precinct 21",2005,589,139,728,489,454,943,9,4,13,0,1,1,0,1,1,0,0,0,0,0,0,1,1,2,1688
"Rochester Hills, Precinct 22",1405,527,92,619,326,166,492,1,5,6,0,0,0,1,1,2,0,1,1,0,0,0,5,2,7,1127
"Rochester Hills, Precinct 23",1403,516,79,595,278,193,471,7,0,7,1,0,1,3,0,3,1,0,1,0,0,0,3,2,5,1083
"Rochester Hills, Precinct 24",1796,676,79,755,445,253,698,6,2,8,1,0,1,0,0,0,1,0,1,0,0,0,3,1,4,1467
"Rochester Hills, Precinct 25",2307,781,162,943,516,386,902,6,9,15,2,0,2,2,0,2,0,0,0,0,0,0,4,1,5,1869
"Rochester Hills, Precinct 26",2594,903,157,1060,585,384,969,8,6,14,1,1,2,2,0,2,0,0,0,0,0,0,1,1,2,2049
"Rochester Hills, Precinct 27",1843,698,104,802,396,274,670,4,3,7,0,0,0,1,1,2,2,1,3,0,0,0,0,1,1,1485
"Rochester Hills, Precinct 28",1919,586,211,797,263,238,501,5,3,8,0,0,0,0,3,3,0,1,1,0,0,0,2,1,3,1313
"Rochester Hills, Precinct 29",1124,370,87,457,240,186,426,6,9,15,0,0,0,0,0,0,0,0,0,0,0,0,2,1,3,901
"Rochester Hills, Precinct 30",2374,899,143,1042,451,361,812,15,7,22,1,0,1,3,2,5,0,0,0,0,0,0,1,3,4,1886
"Rochester Hills, Precinct 31",1517,534,112,646,294,266,560,1,5,6,0,0,0,0,0,0,0,0,0,0,0,0,2,1,3,1215
"Rochester Hills, Precinct 32",1767,616,124,740,382,280,662,4,2,6,1,0,1,5,2,7,0,1,1,0,0,0,2,1,3,1420
"Royal Oak, Precinct 1",2342,940,244,1184,219,252,471,9,6,15,2,0,2,0,2,2,0,0,0,0,0,0,3,3,6,1680
"Royal Oak, Precinct 2",2566,850,354,1204,281,361,642,22,7,29,1,1,2,4,4,8,0,0,0,0,0,0,2,3,5,1890
"Royal Oak, Precinct 3",1704,609,226,835,186,283,469,12,10,22,1,0,1,5,3,8,0,1,1,0,0,0,0,1,1,1337
"Royal Oak, Precinct 4",1865,681,270,951,174,267,441,9,10,19,1,0,1,2,0,2,0,1,1,0,0,0,1,0,1,1416
"Royal Oak, Precinct 5",1646,678,177,855,187,187,374,9,4,13,3,0,3,1,0,1,0,0,0,0,0,0,0,0,0,1246
"Royal Oak, Precinct 6",2904,1122,402,1524,245,357,602,21,22,43,0,0,0,2,2,4,0,0,0,0,0,0,5,6,11,2184
"Royal Oak, Precinct 7",1976,709,266,975,190,218,408,5,7,12,1,0,1,3,0,3,0,0,0,0,0,0,2,1,3,1402
"Royal Oak, Precinct 8",2579,989,296,1285,352,355,707,10,15,25,0,0,0,2,2,4,0,0,0,0,0,0,0,1,1,2022
"Royal Oak, Precinct 9",2967,1153,365,1518,300,360,660,14,25,39,1,0,1,2,1,3,0,1,1,0,0,0,5,6,11,2233
"Royal Oak, Precinct 10",2137,807,248,1055,265,298,563,8,8,16,0,1,1,2,2,4,0,0,0,0,0,0,1,1,2,1641
"Royal Oak, Precinct 11",1872,627,255,882,201,269,470,9,9,18,0,0,0,1,1,2,1,0,1,0,0,0,4,2,6,1379
"Royal Oak, Precinct 12",2050,680,272,952,198,321,519,9,9,18,1,1,2,5,0,5,0,0,0,0,0,0,3,4,7,1503
"Royal Oak, Precinct 13",2205,800,280,1080,260,326,586,5,9,14,0,0,0,1,2,3,1,0,1,0,0,0,1,0,1,1685
"Royal Oak, Precinct 14",1762,764,172,936,262,225,487,6,5,11,0,2,2,0,0,0,0,1,1,0,0,0,4,0,4,1441
"Royal Oak, Precinct 15",1724,556,233,789,164,189,353,8,10,18,1,1,2,2,5,7,2,0,2,0,0,0,1,3,4,1175
"Royal Oak, Precinct 16",2864,1065,323,1388,377,359,736,14,7,21,1,1,2,2,4,6,0,0,0,0,0,0,8,6,14,2167
"Royal Oak, Precinct 17",1934,790,227,1017,249,246,495,7,6,13,2,3,5,2,1,3,0,1,1,0,0,0,2,5,7,1541
"Royal Oak, Precinct 18",2071,772,283,1055,234,254,488,7,12,19,0,0,0,3,1,4,0,0,0,0,0,0,3,0,3,1569
"Royal Oak, Precinct 19",2927,1043,403,1446,358,450,808,12,22,34,1,2,3,6,2,8,1,1,2,0,0,0,8,4,12,2313
"Royal Oak, Precinct 20",2290,903,260,1163,326,301,627,16,13,29,0,0,0,1,3,4,0,1,1,0,0,0,3,5,8,1832
"Royal Oak, Precinct 21",2237,856,274,1130,266,264,530,6,15,21,0,1,1,6,2,8,0,0,0,0,0,0,1,1,2,1692
"Royal Oak, Precinct 22",2300,859,289,1148,286,320,606,11,8,19,2,0,2,2,2,4,0,1,1,0,0,0,1,2,3,1783
"Royal Oak, Precinct 23",1869,628,244,872,212,301,513,2,9,11,1,2,3,3,1,4,0,0,0,0,0,0,2,1,3,1406
"Royal Oak, Precinct 24",1226,450,139,589,134,202,336,8,9,17,0,0,0,3,0,3,0,0,0,0,0,0,3,1,4,949
"South Lyon, Precinct 1",3315,1006,233,1239,690,574,1264,12,12,24,4,0,4,3,1,4,1,0,1,0,0,0,3,3,6,2542
"South Lyon, Precinct 2",2331,605,196,801,355,534,889,9,14,23,0,1,1,0,4,4,0,1,1,0,0,0,4,3,7,1726
"South Lyon, Precinct 3",2376,711,191,902,493,501,994,6,7,13,1,1,2,2,2,4,0,0,0,0,0,0,3,1,4,1919
"South Lyon, Precinct 4",1772,414,176,590,233,378,611,5,17,22,3,1,4,3,0,3,0,1,1,0,0,0,0,0,0,1231
"Southfield, Precinct 1",1753,960,229,1189,88,58,146,3,1,4,1,0,1,3,1,4,1,0,1,0,0,0,2,1,3,1348
"Southfield, Precinct 2",2135,1171,232,1403,169,99,268,10,1,11,5,0,5,3,2,5,0,0,0,0,0,0,3,2,5,1697
"Southfield, Precinct 3",1822,889,220,1109,105,86,191,3,6,9,0,1,1,0,1,1,0,0,0,0,0,0,1,4,5,1316
"Southfield, Precinct 4",2201,1054,271,1325,108,128,236,4,8,12,1,0,1,2,0,2,0,0,0,0,0,0,1,5,6,1582
"Southfield, Precinct 5",1267,581,192,773,95,124,219,7,8,15,1,0,1,3,1,4,1,1,2,0,0,0,1,3,4,1018
"Southfield, Precinct 6",1669,862,235,1097,90,75,165,6,0,6,0,1,1,1,0,1,0,0,0,0,0,0,5,1,6,1276
"Southfield, Precinct 7",1809,1018,253,1271,58,36,94,1,1,2,1,0,1,0,1,1,0,0,0,0,0,0,0,4,4,1373
"Southfield, Precinct 8",1469,782,214,996,74,53,127,1,0,1,0,0,0,5,1,6,0,2,2,0,0,0,1,2,3,1135
"Southfield, Precinct 9",1913,767,266,1033,120,129,249,7,11,18,1,1,2,1,0,1,1,0,1,0,0,0,9,2,11,1315
"Southfield, Precinct 10",1852,931,264,1195,79,56,135,3,0,3,0,0,0,4,2,6,0,0,0,0,0,0,4,1,5,1344
"Southfield, Precinct 11",2001,1020,296,1316,57,34,91,2,1,3,1,0,1,0,6,6,1,2,3,0,0,0,3,5,8,1428
"Southfield, Precinct 12",1605,901,240,1141,40,63,103,1,3,4,1,0,1,1,2,3,0,0,0,0,0,0,0,2,2,1254
"Southfield, Precinct 13",1743,790,158,948,168,167,335,0,0,0,1,1,2,2,0,2,0,0,0,0,0,0,1,0,1,1288
"Southfield, Precinct 14",1569,484,121,605,285,196,481,2,1,3,0,0,0,0,0,0,1,1,2,0,0,0,1,2,3,1094
"Southfield, Precinct 15",1433,672,229,901,53,46,99,2,2,4,1,0,1,1,2,3,0,1,1,0,0,0,3,1,4,1013
"Southfield, Precinct 16",1600,831,239,1070,52,37,89,1,1,2,1,0,1,0,1,1,0,0,0,0,0,0,3,2,5,1168
"Southfield, Precinct 17",1817,797,238,1035,108,191,299,0,3,3,0,0,0,0,0,0,0,0,0,0,0,0,2,2,4,1341
"Southfield, Precinct 18",1893,852,398,1250,30,23,53,1,1,2,1,1,2,0,1,1,0,1,1,0,0,0,2,2,4,1313
"Southfield, Precinct 19",1474,573,301,874,40,74,114,5,4,9,1,0,1,0,2,2,0,0,0,0,0,0,1,0,1,1001
"Southfield, Precinct 20",1884,1007,287,1294,51,18,69,0,1,1,0,2,2,0,0,0,0,0,0,0,0,0,2,1,3,1369
"Southfield, Precinct 21",2015,1099,305,1404,44,23,67,1,1,2,0,1,1,1,0,1,0,0,0,0,0,0,2,3,5,1480
"Southfield, Precinct 22",2099,1074,281,1355,48,28,76,0,1,1,0,1,1,2,1,3,0,0,0,0,0,0,0,3,3,1439
"Southfield, Precinct 23",2015,1027,291,1318,72,56,128,2,2,4,0,1,1,3,1,4,0,0,0,0,0,0,2,0,2,1457
"Southfield, Precinct 24",1847,815,361,1176,48,40,88,3,3,6,4,1,5,1,3,4,0,0,0,0,0,0,1,0,1,1280
"Southfield, Precinct 25",1485,805,170,975,82,51,133,3,2,5,0,2,2,0,2,2,1,0,1,0,0,0,3,1,4,1122
"Southfield, Precinct 26",1844,997,204,1201,130,65,195,3,3,6,0,0,0,1,2,3,1,2,3,0,0,0,3,2,5,1413
"Southfield, Precinct 27",1785,852,274,1126,42,35,77,2,3,5,0,1,1,2,1,3,1,0,1,0,0,0,0,3,3,1216
"Southfield, Precinct 28",1873,684,342,1026,52,31,83,1,2,3,0,0,0,2,4,6,0,1,1,0,0,0,0,1,1,1120
"Southfield, Precinct 29",2290,1218,311,1529,106,76,182,4,3,7,0,1,1,3,5,8,0,0,0,0,0,0,2,0,2,1729
"Southfield, Precinct 30",2085,1055,220,1275,132,71,203,1,3,4,2,0,2,1,0,1,0,0,0,0,0,0,2,2,4,1489
"Southfield, Precinct 31",2010,924,296,1220,92,30,122,1,1,2,0,0,0,3,1,4,0,0,0,0,0,0,1,2,3,1351
"Southfield, Precinct 32",1517,757,220,977,75,67,142,2,4,6,0,0,0,0,1,1,0,0,0,0,0,0,2,1,3,1129
"Southfield, Precinct 33",2019,1055,366,1421,42,32,74,1,3,4,1,1,2,0,1,1,0,0,0,0,0,0,1,3,4,1506
"Southfield, Precinct 34",1562,573,241,814,97,141,238,2,1,3,0,0,0,1,0,1,0,0,0,0,0,0,2,0,2,1058
"Southfield, Precinct 35",1554,603,289,892,37,51,88,1,2,3,0,0,0,0,0,0,0,1,1,0,0,0,2,2,4,988
"Southfield, Precinct 36",1582,588,260,848,63,94,157,3,3,6,1,0,1,2,1,3,1,0,1,0,0,0,2,2,4,1020
"Sylvan Lake, Precinct 1",1566,509,191,700,269,339,608,5,6,11,0,0,0,2,0,2,0,0,0,0,0,0,1,1,2,1323
"Troy, Precinct 1",1480,532,128,660,240,262,502,6,1,7,0,0,0,2,0,2,0,0,0,0,0,0,2,1,3,1174
"Troy, Precinct 2",2461,824,199,1023,469,389,858,6,6,12,0,0,0,0,2,2,0,0,0,0,0,0,1,1,2,1897
"Troy, Precinct 3",2280,713,129,842,485,443,928,7,3,10,0,0,0,2,0,2,0,0,0,0,0,0,6,1,7,1789
"Troy, Precinct 4",3064,1195,153,1348,627,395,1022,15,7,22,1,0,1,1,3,4,1,0,1,0,0,0,6,1,7,2405
"Troy, Precinct 5",1568,465,108,573,412,289,701,14,3,17,2,1,3,0,1,1,0,0,0,0,0,0,2,0,2,1297
"Troy, Precinct 6",544,183,49,232,117,106,223,2,2,4,0,0,0,3,0,3,0,0,0,0,0,0,0,1,1,463
"Troy, Precinct 7",1857,713,109,822,413,207,620,2,2,4,1,0,1,1,1,2,0,0,0,0,0,0,2,1,3,1452
"Troy, Precinct 8",1958,713,171,884,298,267,565,5,2,7,0,1,1,3,1,4,0,0,0,0,0,0,1,0,1,1462
"Troy, Precinct 9",2412,775,159,934,550,427,977,8,6,14,2,1,3,1,1,2,0,0,0,0,0,0,3,4,7,1937
"Troy, Precinct 10",2226,807,172,979,405,376,781,6,7,13,0,0,0,2,1,3,1,0,1,0,0,0,3,1,4,1781
"Troy, Precinct 11",1967,704,159,863,438,304,742,6,2,8,0,1,1,1,1,2,0,0,0,0,0,0,2,1,3,1619
"Troy, Precinct 12",1561,587,75,662,328,251,579,2,8,10,0,0,0,2,0,2,0,0,0,0,0,0,2,3,5,1258
"Troy, Precinct 13",3004,1134,215,1349,525,451,976,9,10,19,3,2,5,5,1,6,2,1,3,0,0,0,4,1,5,2363
"Troy, Precinct 14",2282,762,161,923,431,382,813,9,3,12,1,1,2,1,2,3,2,0,2,0,0,0,0,2,2,1757
"Troy, Precinct 15",2107,803,172,975,352,345,697,8,3,11,2,0,2,3,3,6,1,0,1,0,0,0,4,1,5,1697
"Troy, Precinct 16",1802,629,167,796,308,301,609,5,9,14,1,0,1,2,2,4,0,0,0,0,0,0,3,1,4,1428
"Troy, Precinct 17",2349,917,132,1049,468,243,711,6,2,8,1,0,1,1,1,2,0,1,1,0,0,0,5,0,5,1777
"Troy, Precinct 18",1658,561,116,677,330,254,584,7,6,13,4,1,5,3,0,3,0,1,1,0,0,0,0,3,3,1286
"Troy, Precinct 19",1588,646,109,755,332,231,563,17,2,19,1,0,1,2,1,3,0,0,0,0,0,0,5,0,5,1346
"Troy, Precinct 20",2370,875,158,1033,504,332,836,11,3,14,1,0,1,3,2,5,1,0,1,0,0,0,2,1,3,1893
"Troy, Precinct 21",1712,582,148,730,225,328,553,7,9,16,1,0,1,3,3,6,0,0,0,0,0,0,3,1,4,1310
"Troy, Precinct 22",2925,1105,223,1328,518,402,920,9,2,11,3,2,5,0,1,1,0,0,0,0,0,0,3,2,5,2270
"Troy, Precinct 23",2939,1087,211,1298,530,460,990,6,6,12,0,1,1,1,2,3,0,0,0,0,0,0,2,5,7,2311
"Troy, Precinct 24",2562,653,194,847,454,528,982,12,10,22,5,0,5,5,2,7,0,0,0,0,0,0,0,2,2,1865
"Troy, Precinct 25",2937,793,225,1018,431,446,877,13,10,23,4,2,6,5,1,6,0,0,0,0,0,0,1,2,3,1933
"Troy, Precinct 26",2705,800,231,1031,345,391,736,8,7,15,2,0,2,1,1,2,1,0,1,0,0,0,1,2,3,1790
"Troy, Precinct 27",2125,635,186,821,306,226,532,5,8,13,2,1,3,3,0,3,1,0,1,0,0,0,4,0,4,1377
"Troy, Precinct 28",2039,639,195,834,230,210,440,3,4,7,0,0,0,0,0,0,0,0,0,0,0,0,1,0,1,1282
"Troy, Precinct 29",2610,941,180,1121,479,396,875,11,13,24,2,0,2,1,1,2,0,0,0,0,0,0,2,1,3,2027
"Troy, Precinct 30",614,237,43,280,101,89,190,6,2,8,1,0,1,2,0,2,0,0,0,0,0,0,0,0,0,481
"Troy, Precinct 31",884,309,65,374,196,147,343,6,3,9,1,0,1,2,0,2,1,0,1,0,0,0,1,0,1,731
"Walled Lake, Precinct 1",2136,453,249,702,293,377,670,8,12,20,0,0,0,0,1,1,0,2,2,0,0,0,1,2,3,1398
"Walled Lake, Precinct 2",2148,548,236,784,356,456,812,3,5,8,1,1,2,3,0,3,0,0,0,0,0,0,2,0,2,1611
"Walled Lake, Precinct 3",1531,373,147,520,214,360,574,9,9,18,0,0,0,0,2,2,0,0,0,0,0,0,0,1,1,1115
"Wixom, Precinct 1",2829,822,189,1011,711,495,1206,9,6,15,4,0,4,5,1,6,0,0,0,0,0,0,3,4,7,2249
"Wixom, Precinct 2",2274,663,152,815,551,445,996,25,8,33,0,1,1,4,0,4,0,0,0,0,0,0,2,0,2,1851
"Wixom, Precinct 3",3403,998,381,1379,256,284,540,13,14,27,4,0,4,6,3,9,0,0,0,0,0,0,5,2,7,1966
"Wixom, Precinct 4",2885,870,233,1103,563,443,1006,15,13,28,3,0,3,5,3,8,2,0,2,0,0,0,2,1,3,2153
Total:,1035172,337880,96102,433982,167212,158704,325916,3910,3372,7282,500,231,731,996,749,1745,190,141,331,0,0,0,1066,716,1782,771769